college,dept
ames laboratory of us doe,ames laboratory
college of agriculture & life sciences,ag & ls admin
college of agriculture & life sciences,ag communicatn
college of agriculture & life sciences,ag education/st
college of agriculture & life sciences,ag exp stn adm
college of agriculture & life sciences,ag/biosys eng
college of agriculture & life sciences,agronomy
college of agriculture & life sciences,animal science
college of agriculture & life sciences,bbmb-agls
college of agriculture & life sciences,biocty rch farm
college of agriculture & life sciences,brenton center
college of agriculture & life sciences,card
college of agriculture & life sciences,ctr ag law/tax
college of agriculture & life sciences,ctr crops ut rs
college of agriculture & life sciences,economics-agls
college of agriculture & life sciences,eeob-agls
college of agriculture & life sciences,entomology
college of agriculture & life sciences,food sc/hn-agls
college of agriculture & life sciences,gdcb-agls
college of agriculture & life sciences,global ag prg
college of agriculture & life sciences,horticulture
college of agriculture & life sciences,ia nutrnt rsrch
college of agriculture & life sciences,ia st rs farms
college of agriculture & life sciences,leopold center
college of agriculture & life sciences,microbiology
college of agriculture & life sciences,midwest pln srv
college of agriculture & life sciences,nat res ecl/mgt
college of agriculture & life sciences,pl path & micro
college of agriculture & life sciences,seed sc ctr xp
college of agriculture & life sciences,sociology-agls
college of agriculture & life sciences,soybn rsrch ctr
college of agriculture & life sciences,sustn rural liv
college of business,accounting
college of business,bus grad prg
college of business,bus ungr prg
college of business,business
college of business,business cs
college of business,finance
college of business,isu pappajn ctr
college of business,management
college of business,marketing
college of business,sm bus dv ctr
college of business,supply chn/info
college of design,architecture
college of design,art/visual cult
college of design,commun/reg plan
college of design,design adm
college of design,graphic dsn
college of design,indust design
college of design,inst dsn rs/otr
college of design,interior dsn
college of design,landscape arch
college of engineering,aerospace eng
college of engineering,ag/biosys eng-e
college of engineering,chem & bio engr
college of engineering,civ/con/env eng
college of engineering,ctr biornw chem
college of engineering,ctr ind rsrch s
college of engineering,ctr nondestr ev
college of engineering,elec eng/cp eng
college of engineering,eng-las online
college of engineering,eng career srv
college of engineering,eng ri
college of engineering,eng student srv
college of engineering,engineering adm
college of engineering,engr coll relat
college of engineering,engr outreach
college of engineering,engr tech supp
college of engineering,ind/mfr sys eng
college of engineering,material sc/eng
college of engineering,mechanical eng
college of engineering,microelec rsrch
college of human sciences,aeshm
college of human sciences,food sc/hn-hsci
college of human sciences,h sci admin
college of human sciences,h sci studnt sr
college of human sciences,human dv/fam st
college of human sciences,intl ed prg
college of human sciences,kinesiology
college of human sciences,nut/well res ct
college of human sciences,school of ed
college of liberal arts & sciences,air frc aero st
college of liberal arts & sciences,bioch/bioph-las
college of liberal arts & sciences,cc catt ctr
college of liberal arts & sciences,chemistry
college of liberal arts & sciences,chemistry store
college of liberal arts & sciences,computer sc
college of liberal arts & sciences,ctr survey stat
college of liberal arts & sciences,economics-las
college of liberal arts & sciences,eeob-las
college of liberal arts & sciences,english
college of liberal arts & sciences,gdcb-las
college of liberal arts & sciences,geol/atmosph sc
college of liberal arts & sciences,greenlee jrn/cm
college of liberal arts & sciences,history
college of liberal arts & sciences,int engl/or prg
college of liberal arts & sciences,lbrl art/sc adm
college of liberal arts & sciences,lbrl art/sc cds
college of liberal arts & sciences,lbrl art/sc sas
college of liberal arts & sciences,mathematics
college of liberal arts & sciences,military sc
college of liberal arts & sciences,music & theatre
college of liberal arts & sciences,naval science
college of liberal arts & sciences,phil/relig st
college of liberal arts & sciences,physics/astron
college of liberal arts & sciences,political sc
college of liberal arts & sciences,psychology
college of liberal arts & sciences,sociology-las
college of liberal arts & sciences,statistics
college of liberal arts & sciences,world lang/cult
college of veterinary medicine,biomedical sci
college of veterinary medicine,ctrfdsecpubhlth
college of veterinary medicine,vet clinical sc
college of veterinary medicine,vet diag lab
college of veterinary medicine,vet diag/prod
college of veterinary medicine,vet med adm
college of veterinary medicine,vet medical ctr
college of veterinary medicine,vet mic/prv med
college of veterinary medicine,vet pathology
cooperative extension service,communities ext
cooperative extension service,conf plan & mgt
cooperative extension service,coop ext field
cooperative extension service,county pd ext
cooperative extension service,ext distributn
cooperative extension service,ext org adv
cooperative extension service,ext org dev
cooperative extension service,ext prof devmt
cooperative extension service,ext to ag - ext
cooperative extension service,extension it
cooperative extension service,finance ext
cooperative extension service,human rsrc ext
cooperative extension service,human sci ext
cooperative extension service,vaa-ext
cooperative extension service,vp ext & outrch
cooperative extension service,youth & 4h
division of finance,campus org
division of finance,controllers dpt
division of finance,div of finance
division of finance,receivables
division of finance,treasurer
it services,it services acd
it services,it services adm
it services,it services cio
it services,it services csv
it services,it services net
it services,it services sec
it services,it services sys
it services,it services uis
library,library
office of the president,alumni assoc
office of the president,athletic dept
office of the president,econ dev/indust
office of the president,equal opportunt
office of the president,government rel
office of the president,inl prop tech t
office of the president,internal audit
office of the president,isu rsrch found
office of the president,isu rsrch park
office of the president,ombuds office
office of the president,president
office of the president,trademark
office of the president,u human resourc
office of the president,univ counsel
office of the president,univ marketing
office of the president,univ relations
office of the president,vp dvrsty/incln
plant sciences institute,plant sc inst
senior vice president & provost,celt
senior vice president & provost,faculty senate
senior vice president & provost,grad college
senior vice president & provost,honors prgm
senior vice president & provost,inst research
senior vice president & provost,lectures prog
senior vice president & provost,sr vp/provost
senior vice president & provost,study abroad ct
senior vice president & provost,wise
svp of university services,bookstore
svp of university services,bus srvs
svp of university services,envir hlth/saf
svp of university services,fac plan/mgmt
svp of university services,log & suppt srv
svp of university services,parking
svp of university services,print/copy srvs
svp of university services,procurement
svp of university services,public safety
svp of university services,reiman gardens
svp of university services,risk management
svp of university services,sr vp univ srvs
svp of university services,transport srvcs
svp of university services,univ museums
svp of university services,utilities fpm
svp of university services,veenker golf
svp of university services,woi radio
vice president for research & econ devel,attending vet
vice president for research & econ devel,bioeconomy inst
vice president for research & econ devel,biotechnology
vice president for research & econ devel,csafe
vice president for research & econ devel,ctr ex arts hum
vice president for research & econ devel,grants hub
vice president for research & econ devel,intrans
vice president for research & econ devel,lab animal rsrc
vice president for research & econ devel,nanovac inst
vice president for research & econ devel,ofc resrch intg
vice president for research & econ devel,rspnsble resrch
vice president for research & econ devel,sponsored prg
vice president for research & econ devel,vp research
vice president for research & econ devel,vrtl rlty app c
vice president for research & econ devel,water rsrc inst
vice president student affairs,admissions
vice president student affairs,asst vp st hlh
vice president student affairs,avp enrlmnt mgt
vice president student affairs,campus din srv
vice president student affairs,counseling srv
vice president student affairs,dean of stdt
vice president student affairs,destinatn isu
vice president student affairs,ed talent srch
vice president student affairs,intl stu & schl
vice president student affairs,learning comm
vice president student affairs,memorial union
vice president student affairs,multic stdt aff
vice president student affairs,ncore/iscore
vice president student affairs,orientation
vice president student affairs,records & reg
vice president student affairs,recreation srv
vice president student affairs,residence halls
vice president student affairs,stdt fin aid
vice president student affairs,stdt health ctr
vice president student affairs,stdt sppt srv
vice president student affairs,stu aff assessm
vice president student affairs,student wellnes
vice president student affairs,upward bound
vice president student affairs,vp stdt affairs
vice president student affairs,women's ctr
