depts2012,depts2018
accounting,accounting
admissions,admissions
aerospace eng,aerospace eng
aeshm,aeshm
ag & ls admin,ag & ls admin
ag career srv,ag career srv
ag communicatn,ag communicatn
ag education/st,ag education/st
ag exp stn adm,ag exp stn adm
ag/biosys eng,ag/biosys eng
ag/biosys eng-a,ag/biosys eng-a
agronomy,agronomy
air frc aero st,air frc aero st
alumni assoc,alumni assoc
ames laboratory,ames laboratory
animal science,animal science
anthro old,anthro old
architecture,architecture
art/design,art/design
athletic dept,athletic dept
baker center,baker center
bbmb-agls,bbmb-agls
bigmap,bigmap
bioch/bioph-las,bioch/bioph-las
bioeconomy inst,bioeconomy inst
biomedical sci,biomedical sci
biotechnology,biotechnology
brenton center,brenton center
bus grad prg,bus grad prg
bus ungr prg,bus ungr prg
business,business
business cs,business cs
campus din srv,campus din srv
card,card
cc catt ctr,cc catt ctr
celt,celt
chem & bio engr,chem & bio engr
chemistry,chemistry
chemistry store,chemistry store
ciras ext,ciras ext
civ/con/env eng,civ/con/env eng
comm & ext rel,comm & ext rel
commun/reg plan,commun/reg plan
communities ext,communities ext
computer sc,computer sc
conf plan & mgt,conf plan & mgt
coop ext field,coop ext field
counseling srv,counseling srv
county pd ext,county pd ext
ctr ag law/tax,ctr ag law/tax
ctr biornw chem,ctr biornw chem
ctr crops ut rs,ctr crops ut rs
ctr excel sci/m,ctr excel sci/m
ctr for catal,ctr for catal
ctr sust env tc,ctr sust env tc
ctr tch learn,ctr tch learn
ctrfdsecpubhlth,ctrfdsecpubhlth
curr/instr,curr/instr
dean of stdt,dean of stdt
design adm,design adm
destinatn isu,destinatn isu
economics-agls,economics-agls
economics-las,economics-las
ed ldshp pol st,ed ldshp pol st
ed talent srch,ed talent srch
eeob-agls,eeob-agls
eeob-las,eeob-las
elec eng/cp eng,elec eng/cp eng
eng-las online,eng-las online
eng acad/st aff,eng acad/st aff
eng ri,eng ri
engineering adm,engineering adm
english,english
engr coll relat,engr coll relat
engr tech supp,engr tech supp
entomology,entomology
equal opportunt,equal opportunt
ext distributn,ext distributn
ext to ag - ext,ext to ag - ext
extension it,extension it
fac plan/mgmt,fac plan/mgmt
farm/food/ent d,farm/food/ent d
finance,finance
finance ext,finance ext
food sc/hn-agls,food sc/hn-agls
food sc/hn-hsci,food sc/hn-hsci
gdcb-agls,gdcb-agls
gdcb-las,gdcb-las
geol/atmosph sc,geol/atmosph sc
global ag prg,global ag prg
government rel,government rel
grad college,grad college
greenlee jrn/cm,greenlee jrn/cm
h sci admin,h sci admin
h sci studnt sr,h sci studnt sr
history,history
honors prgm,honors prgm
horticulture,horticulture
human dv/fam st,human dv/fam st
human sci ext,human sci ext
ia beef ctr,ia beef ctr
ia crop/ag dvmt,ia crop/ag dvmt
ia st rs farms,ia st rs farms
ind/mfr sys eng,ind/mfr sys eng
inst an biology,inst an biology
inst comb dsc i,inst comb dsc i
inst dsn rs/otr,inst dsn rs/otr
inst research,inst research
int engl/or prg,int engl/or prg
intdpt grad prg,intdpt grad prg
internal audit,internal audit
intl ed prg,intl ed prg
intl stu & schl,intl stu & schl
intrans,intrans
iowa energy ctr,iowa energy ctr
iprt,iprt
iprt co asst,iprt co asst
isu pappajn ctr,isu pappajn ctr
isu rs foundatn,isu rs foundatn
isu rs park,isu rs park
it services acd,it services acd
it services adm,it services adm
it services cio,it services cio
it services csv,it services csv
it services net,it services net
it services sec,it services sec
it services sys,it services sys
it services uis,it services uis
kinesiology,kinesiology
lab animal rsrc,lab animal rsrc
landscape arch,landscape arch
lbrl art/sc adm,lbrl art/sc adm
lbrl art/sc cds,lbrl art/sc cds
lbrl art/sc sas,lbrl art/sc sas
lectures prog,lectures prog
leopold center,leopold center
library,library
management,management
marketing,marketing
material sc/eng,material sc/eng
mathematics,mathematics
mcroelc rs ctr,mcroelc rs ctr
mechanical eng,mechanical eng
memorial union,memorial union
microbiology,microbiology
midwest pln srv,midwest pln srv
military sc,military sc
multic stdt aff,multic stdt aff
music & theatre,music & theatre
nat res ecl/mgt,nat res ecl/mgt
naval science,naval science
nut/well res ct,nut/well res ct
ofc int p/t trf,ofc int p/t trf
ombuds office,ombuds office
orientation,orientation
phil/relig st,phil/relig st
physics/astron,physics/astron
pl path & micro,pl path & micro
plant sc inst,plant sc inst
political sc,political sc
president,president
psychology,psychology
records & reg,records & reg
recreation srv,recreation srv
residence halls,residence halls
rise,rise
rspnsble resrch,rspnsble resrch
seed sc ctr xp,seed sc ctr xp
sm bus dv ctr,sm bus dv ctr
sociology-agls,sociology-agls
sociology-las,sociology-las
sponsored prg,sponsored prg
sr vp/provost,sr vp/provost
statistics,statistics
stdt fin aid,stdt fin aid
stdt health ctr,stdt health ctr
stdt sppt srv,stdt sppt srv
stu aff assessm,stu aff assessm
study abroad ct,study abroad ct
supply chn mgmt,supply chn mgmt
sustn rural liv,sustn rural liv
teacher ed,teacher ed
univ counsel,univ counsel
univ marketing,univ marketing
univ relations,univ relations
upward bound,upward bound
utilities fpm,utilities fpm
veenker golf,veenker golf
vet clinical sc,vet clinical sc
vet diag/prod,vet diag/prod
vet med adm,vet med adm
vet medical ctr,vet medical ctr
vet mic/prv med,vet mic/prv med
vet pathology,vet pathology
vp ext & outrch,vp ext & outrch
vp research,vp research
vp stdt affairs,vp stdt affairs
vrtl rlt ap ctr,vrtl rlt ap ctr
wise,wise
world lang/cult,world lang/cult
youth & 4h,youth & 4h
